-- Original SQL statements
INSERT INTO Passenger_ID (Customer_Id, Phone, Email) VALUES (1, '6472379885', 'hotelm1@gmail.com');
INSERT INTO Passenger_ID (Customer_Id, Phone, Email) VALUES (2, '6472379845', 'hotelm2@gmail.com');
INSERT INTO Passenger_ID (Customer_Id, Phone, Email) VALUES (3, '6472379285', 'hotelm3@gmail.com');
INSERT INTO Passenger_INFO (Phone, Email, FirstN, MiddleN, LastN, city, postalCode, street, province) VALUES ('6472379885', 'hotelm1@gmail.com', 'Amir', 'Ali', 'Rezaei', 'Toronto', 'M3M-6Q5', 'King Street', 'ON');
INSERT INTO Passenger_INFO (Phone, Email, FirstN, MiddleN, LastN, city, postalCode, street, province) VALUES ('6472379845', 'hotelm2@gmail.com', 'parsa', 'GPA', 'pourmand', 'Toronto', 'M3M-6R5', 'Queen Street', 'ON');
INSERT INTO Passenger_INFO (Phone, Email, FirstN, MiddleN, LastN, city, postalCode, street, province) VALUES ('6472379285', 'hotelm3@gmail.com', 'Arian', 'AriooGN', 'Fooladray', 'Newmarket', 'T3M-6Q5', 'Yonge Street', 'ON');
INSERT INTO Personnel_ID (NIN, FirstN, MiddleN, LastN) VALUES (1111, 'Sepehr', 'Ghafouri', 'Rahimabadi');
INSERT INTO Personnel_ID (NIN, FirstN, MiddleN, LastN) VALUES (1112, 'Justin', '', 'Beiber');
INSERT INTO Personnel_ID (NIN, FirstN, MiddleN, LastN) VALUES (1113, 'Elon', 'Ash', 'Musk');
INSERT INTO Personnel_INFO (NIN, Salary, Date_of_Birth, Street, home_number, City, province, postalcode) VALUES (1111, 0, TO_DATE('2000-11-10', 'YYYY-MM-DD'), 'King Street', '14', 'Toronto', 'ON', 'Y3M-6Q5');
INSERT INTO Personnel_INFO (NIN, Salary, Date_of_Birth, Street, home_number, City, province, postalcode) VALUES (1112, 65000, TO_DATE('2000-10-10', 'YYYY-MM-DD'), 'Yonge Street', '16', 'Toronto', 'ON', 'E3M-6Q5');
INSERT INTO Personnel_INFO (NIN, Salary, Date_of_Birth, Street, home_number, City, province, postalcode) VALUES (1113, 50000, TO_DATE('2000-12-10', 'YYYY-MM-DD'), 'Queen Street', '18', 'Toronto', 'ON', 'U3M-6Q5');
INSERT INTO Payment (Payment_Id, PaymentAmount, TransactionType) VALUES (1234, 5500, 'Cash');
INSERT INTO Payment (Payment_Id, PaymentAmount, TransactionType) VALUES (4567, 5600, 'Card');
INSERT INTO Payment (Payment_Id, PaymentAmount, TransactionType) VALUES (8912, 6500, 'Cheque');
INSERT INTO Reservation (Reservation_ID, CheckInDate, CheckOutDate) VALUES (4321, TO_DATE('2023-11-25', 'YYYY-MM-DD'), TO_DATE('2023-11-30', 'YYYY-MM-DD'));
INSERT INTO Reservation (Reservation_ID, CheckInDate, CheckOutDate) VALUES (8765, TO_DATE('2023-12-25', 'YYYY-MM-DD'), TO_DATE('2023-12-30', 'YYYY-MM-DD'));
INSERT INTO Reservation (Reservation_ID, CheckInDate, CheckOutDate) VALUES (1298, TO_DATE('2024-01-25', 'YYYY-MM-DD'), TO_DATE('2024-01-30', 'YYYY-MM-DD'));
INSERT INTO Room (RoomNumber, NumberOfBed, PricePerNight) VALUES (1, 1, 120);
INSERT INTO Room (RoomNumber, NumberOfBed, PricePerNight) VALUES (2, 2, 110);
INSERT INTO Room (RoomNumber, NumberOfBed, PricePerNight) VALUES (3, 1, 190);
INSERT INTO Room (RoomNumber, NumberOfBed, PricePerNight) VALUES (4, 2, 160);
INSERT INTO Room (RoomNumber, NumberOfBed, PricePerNight) VALUES (5, 1, 140);
INSERT INTO Room (RoomNumber, NumberOfBed, PricePerNight) VALUES (6, 1, 150);
INSERT INTO SingleRoom (RoomNumber, SizeOfBed) VALUES (1, 'Single');
INSERT INTO SingleRoom (RoomNumber, SizeOfBed) VALUES (2, 'Single');
INSERT INTO TwinRoom (RoomNumber, SizeOfBed) VALUES (3, 'Twin');
INSERT INTO TwinRoom (RoomNumber, SizeOfBed) VALUES (4, 'Twin');
INSERT INTO KingRoom (RoomNumber, SizeOfBed) VALUES (5, 'King');
INSERT INTO KingRoom (RoomNumber, SizeOfBed) VALUES (6, 'Super King');
INSERT INTO RoomState (Reservation_ID, RoomNumber, ROOMSTATUS) VALUES (4321, 1, 'O');
INSERT INTO RoomState (Reservation_ID, RoomNumber, ROOMSTATUS) VALUES (8765, 2, 'O');
INSERT INTO Balance (Reservation_ID, Payment_ID, Customer_Id, Account_Balance) VALUES (4321, 1234, 1, 550);
INSERT INTO Balance (Reservation_ID, Payment_ID, Customer_Id, Account_Balance) VALUES (8765, 8912, 2, 560);

-- Additional SQL statements
INSERT INTO Passenger_ID (Customer_Id, Phone, Email) VALUES (4, '6472379777', 'hotelm4@gmail.com');
INSERT INTO Passenger_ID (Customer_Id, Phone, Email) VALUES (5, '6472379666', 'hotelm5@gmail.com');
INSERT INTO Passenger_INFO (Phone, Email, FirstN, MiddleN, LastN, city, postalCode, street, province) VALUES ('6472379777', 'hotelm4@gmail.com', 'John', 'Doe', 'Smith', 'Mississauga', 'L5N-6P5', 'Main Street', 'ON');
INSERT INTO Passenger_INFO (Phone, Email, FirstN, MiddleN, LastN, city, postalCode, street, province) VALUES ('6472379666', 'hotelm5@gmail.com', 'Jane', 'M', 'Johnson', 'Brampton', 'L6S-6G5', 'Maple Avenue', 'ON');
INSERT INTO Personnel_ID (NIN, FirstN, MiddleN, LastN) VALUES (1114, 'Elton', 'Ghafoo', 'John');
INSERT INTO Personnel_ID (NIN, FirstN, MiddleN, LastN) VALUES (1115, 'Mahan', 'De Mon', 'Night');
INSERT INTO Personnel_INFO (NIN, Salary, Date_of_Birth, Street, home_number, City, province, postalcode) VALUES (1114, 60000, TO_DATE('1998-05-15', 'YYYY-MM-DD'), 'Oak Street', '22', 'Mississauga', 'ON', 'L5L-6R5');
INSERT INTO Personnel_INFO (NIN, Salary, Date_of_Birth, Street, home_number, City, province, postalcode) VALUES (1115, 55000, TO_DATE('1997-07-20', 'YYYY-MM-DD'), 'Cedar Avenue', '18', 'Brampton', 'ON', 'L6L-6T5');
INSERT INTO Payment (Payment_Id, PaymentAmount, TransactionType) VALUES (1111, 7500, 'Cheque');
INSERT INTO Payment (Payment_Id, PaymentAmount, TransactionType) VALUES (1112, 6000, 'Cash');
INSERT INTO Reservation (Reservation_ID, CheckInDate, CheckOutDate) VALUES (9876, TO_DATE('2024-02-10', 'YYYY-MM-DD'), TO_DATE('2024-02-15', 'YYYY-MM-DD'));
INSERT INTO Reservation (Reservation_ID, CheckInDate, CheckOutDate) VALUES (5432, TO_DATE('2024-03-20', 'YYYY-MM-DD'), TO_DATE('2024-03-25', 'YYYY-MM-DD'));
INSERT INTO Room (RoomNumber, NumberOfBed, PricePerNight) VALUES (7, 2, 170);
INSERT INTO Room (RoomNumber, NumberOfBed, PricePerNight) VALUES (8, 1, 130);
INSERT INTO SingleRoom (RoomNumber, SizeOfBed) VALUES (3, 'Single');
INSERT INTO SingleRoom (RoomNumber, SizeOfBed) VALUES (4, 'Single');
INSERT INTO TwinRoom (RoomNumber, SizeOfBed) VALUES (5, 'Twin');
INSERT INTO TwinRoom (RoomNumber, SizeOfBed) VALUES (6, 'Twin');
INSERT INTO KingRoom (RoomNumber, SizeOfBed) VALUES (7, 'King');
INSERT INTO KingRoom (RoomNumber, SizeOfBed) VALUES (8, 'Super King');
INSERT INTO RoomState (Reservation_ID, RoomNumber, ROOMSTATUS) VALUES (1298, 3, 'O');
INSERT INTO RoomState (Reservation_ID, RoomNumber, ROOMSTATUS) VALUES (5432, 4, 'O');
INSERT INTO Balance (Reservation_ID, Payment_ID, Customer_Id, Account_Balance) VALUES (9876, 1111, 3, 750);
INSERT INTO Balance (Reservation_ID, Payment_ID, Customer_Id, Account_Balance) VALUES (5432, 1112, 4, 600);
-- Additional SQL statements
INSERT INTO Passenger_ID (Customer_Id, Phone, Email) VALUES (6, '6472379555', 'hotelm6@gmail.com');
INSERT INTO Passenger_ID (Customer_Id, Phone, Email) VALUES (7, '6472379444', 'hotelm7@gmail.com');
INSERT INTO Passenger_INFO (Phone, Email, FirstN, MiddleN, LastN, city, postalCode, street, province) VALUES ('6472379555', 'hotelm6@gmail.com', 'Lionel', NULL, 'Messi', 'Victoria', 'L6H-6M5', 'Pine Street', 'BC');
INSERT INTO Passenger_INFO (Phone, Email, FirstN, MiddleN, LastN, city, postalCode, street, province) VALUES ('6472379444', 'hotelm7@gmail.com', 'Cristiano', 'CR7', 'Ronaldo', 'Burnaby', 'L8N-6R5', 'Elm Avenue', 'BC');
INSERT INTO Personnel_ID (NIN, FirstN, MiddleN, LastN) VALUES (1116, 'Hakim', NULL, 'Ziach');
INSERT INTO Personnel_ID (NIN, FirstN, MiddleN, LastN) VALUES (1117, 'Erik', 'Ten', 'Hag');
INSERT INTO Personnel_INFO (NIN, Salary, Date_of_Birth, Street, home_number, City, province, postalcode) VALUES (1116, 58000, TO_DATE('1999-03-25', 'YYYY-MM-DD'), 'Cedar Street', '15', 'Oakville', 'ON', 'L6L-6T5');
INSERT INTO Personnel_INFO (NIN, Salary, Date_of_Birth, Street, home_number, City, province, postalcode) VALUES (1117, 59000, TO_DATE('1998-08-12', 'YYYY-MM-DD'), 'Pine Avenue', '12', 'Hamilton', 'ON', 'L8N-6M5');
INSERT INTO Payment (Payment_Id, PaymentAmount, TransactionType) VALUES (1113, 6200, 'Card');
INSERT INTO Payment (Payment_Id, PaymentAmount, TransactionType) VALUES (1114, 5800, 'Cheque');
INSERT INTO Reservation (Reservation_ID, CheckInDate, CheckOutDate) VALUES (2468, TO_DATE('2024-04-05', 'YYYY-MM-DD'), TO_DATE('2024-04-10', 'YYYY-MM-DD'));
INSERT INTO Reservation (Reservation_ID, CheckInDate, CheckOutDate) VALUES (1357, TO_DATE('2024-05-15', 'YYYY-MM-DD'), TO_DATE('2024-05-20', 'YYYY-MM-DD'));
